{"dataset": "train", "precision": 0.9984533804684048, "balanced_accuracy": 0.9777836505018149, "recall": 0.9559974613920034, "f1_score": 0.9767642926618394}
{"dataset": "test", "precision": 0.6452420701168614, "balanced_accuracy": 0.6724944574826441, "recall": 0.40492404400209536, "f1_score": 0.49758609591245573}
